,,-0.1,-0.08979591836734695,-0.07959183673469389,-0.06938775510204082,-0.059183673469387764,-0.048979591836734705,-0.03877551020408164,-0.02857142857142858,-0.018367346938775522,-0.008163265306122464,0.002040816326530595,0.012244897959183654,0.022448979591836726,0.03265306122448977,0.042857142857142844,0.05306122448979589,0.06326530612244896,0.07346938775510203,0.08367346938775508,0.09387755102040815,0.1040816326530612,0.11428571428571427,0.12448979591836731,0.13469387755102039,0.14489795918367346,0.15510204081632653,0.16530612244897955,0.17551020408163262,0.1857142857142857,0.19591836734693877,0.20612244897959178,0.21632653061224486,0.22653061224489793,0.236734693877551,0.24693877551020407,0.2571428571428571,0.2673469387755102,0.27755102040816326,0.28775510204081634,0.2979591836734693,0.30816326530612237,0.31836734693877544,0.3285714285714285,0.3387755102040816,0.34897959183673466,0.35918367346938773,0.3693877551020408,0.3795918367346939,0.38979591836734695,0.4
mean,all,0.0,0.0,0.0,0.0,0.0,0.0,0.0,0.0,0.0,3.953123228743114e-06,8.0767589221332e-05,0.000946895258903355,0.008766484294191287,0.06375876990585878,0.36599950145217824,1.6644927575363047,6.03041325788683,17.536585784176264,41.376379273910864,80.44655133950926,131.74903013019528,187.03391823234853,237.57804407611417,277.49047343515275,303.7064876715072,316.73059909864793,321.6032394842263,324.43175949424136,328.32015477716584,334.79315539308965,344.3655061442163,351.2623756384577,344.08592989484225,318.07790221832744,281.0376790435653,242.59756068602903,204.23003902854285,164.04413049073608,127.13714033850778,108.03385787531298,121.289519434652,165.39580753129695,215.26239407611416,238.6094240310466,227.0775752428643,207.64947091637458,215.9487862744116,257.3953775112669,298.16618920881325,296.5021830696044
mean,1000K,0.0,0.0,0.0,0.0,0.0,0.0,0.0,0.0,0.0,4.1278862852e-06,7.992669140399999e-05,0.00094106979512,0.008715291129999999,0.06344301866400001,0.36446202048,1.6587280916,6.013668064,17.498968752,41.311165636,80.35958936,131.65968096,186.96018608000003,237.5210026,277.4417458799999,303.66789408,316.71026944,321.61531008,324.52781904,328.54593883999996,335.02071576,344.30434336,350.82529144,343.59532728,317.84681667999996,280.95166720000003,242.38666092,203.99302596,164.35390192,128.65328577600002,110.68370687200002,123.510191296,164.86019152,211.58188356,235.14641076,228.30504460000003,213.79055063999996,221.17497596,254.79922588000002,287.20246856,284.48862011999995
mean,100K,0.0,0.0,0.0,0.0,0.0,0.0,0.0,0.0,0.0,3.464430513253012e-06,8.055847997590361e-05,0.0009387368429317269,0.008707063568273095,0.06337427690763052,0.3641232540160642,1.6573443710843374,6.0093166710843375,17.488229044176705,41.29009305220883,80.32624246184739,131.61836477911646,186.92811935742972,237.52719823293174,277.49822052208833,303.7410383132531,316.75452642570275,321.58149819277105,324.2810855020081,327.9686093574297,334.43889305220887,344.45695056224906,351.9393017670683,344.85650642570283,318.4538820080321,281.17822152610444,242.90894755020082,204.56098562248997,163.52733152610443,124.80285334538152,104.03493597590361,117.96271019678714,166.13283257028112,220.59038542168673,243.6524659437751,225.41121004016065,198.96049923694778,208.57517273092367,261.2333323694779,314.0418065863454,313.9972482329317
mean,2000K,0.0,0.0,0.0,0.0,0.0,0.0,0.0,0.0,0.0,4.0893791764e-06,7.709978996399999e-05,0.0009140572057600001,0.008494380682000001,0.062063448096,0.35777156868,1.6336029496000002,5.940566359599999,17.334290780000003,41.024367632,79.97421816800001,131.2596068,186.63075128,237.28280952,277.2661278,303.54333528,316.64996484,321.65453916000007,324.79847972,329.16107756,335.64281135999994,344.16163523999995,349.6547438,342.20743228000003,317.11104284,280.67318059999997,241.91726148,203.59689288,165.44882244000001,132.64499496,117.037609032,128.590089344,164.03817532,204.48821148,228.35076552,229.90521084,223.91756784,229.51240915999998,249.59219675999998,267.10213048,260.68132592
mean,200K,0.0,0.0,0.0,0.0,0.0,0.0,0.0,0.0,0.0,3.7633114721774192e-06,8.158084788709678e-05,0.000952207603266129,0.008813680056451613,0.0640482984032258,0.36740623935483874,1.669752201612903,6.0456502495967746,17.570702012096778,41.43523469758064,80.5244048669355,131.82820173387097,187.09963096774192,237.63300625,277.544072217742,303.75280524193545,316.75545596774197,321.58660330645165,324.30862362903224,328.0341,334.50450302419364,344.4388460483871,351.81264407258067,344.7161833467742,318.3888658467742,281.154079233871,242.84647717741936,204.48776221774196,163.6100095967742,125.24107688709678,104.82152475403225,118.6347006451613,165.9651074596774,219.4404714516129,242.56732758064513,225.81846375,200.95787048387098,210.29241846774195,260.38713991935487,310.4738597983871,310.2380101209677
mean,300K,0.0,0.0,0.0,0.0,0.0,0.0,0.0,0.0,0.0,3.9387119684e-06,8.204591375600001e-05,0.00095884834936,0.008865385012000002,0.064376603732,0.36900480544,1.6758002476000002,6.063375880800001,17.610987151999996,41.50626376,80.621667724,131.93153424000002,187.18396196,237.68355635999998,277.56298095999995,303.75426124,316.75332932000003,321.59072028,324.33604916,328.09926832,334.57007604,344.42099788,351.6863792,344.57552971999996,318.32343448,281.12994864,242.78473244,204.41621315999998,163.69475488,125.678652552,105.59983530800001,119.295542344,165.803287,218.32340256,241.51045412,226.19593208,202.85783224,211.92540372,259.58949392,307.08614623999995,306.61732172
mean,400K,0.0,0.0,0.0,0.0,0.0,0.0,0.0,0.0,0.0,4.0337393084e-06,8.205588184000002e-05,0.00096011129792,0.008874045906,0.064433248996,0.36927916907999997,1.6768436728,6.0664494428,17.618024016000003,41.518823059999995,80.639218816,131.95068583999998,187.19940904,237.69035644000002,277.56033927999994,303.74757008,316.74878279999996,321.59438632,324.36352448,328.16396960000003,334.63522724000006,344.40340779999997,351.56115348,344.43512255999997,318.25737492,281.10540396,242.72435155999997,204.34785404000002,163.78219027999998,126.11235224,106.36264152800001,119.93866989200001,165.64865912000002,217.25106264,240.49847936,226.5562546,204.66524968000002,213.46950608,258.82079619999996,303.84857116,303.11705751999995
mean,500K,0.0,0.0,0.0,0.0,0.0,0.0,0.0,0.0,0.0,4.0830613808e-06,8.1813070396e-05,0.00095838174444,0.008858761036000001,0.064338772968,0.36881756964,1.6751078804,6.061389064000001,17.606617112,41.498984672,80.612637128,131.92323368,187.17669131999997,237.67295352,277.5458374,303.73628107999997,316.74289711999995,321.59791052,324.3910128,328.22835499999997,334.70017124,344.38620052,351.43666616,344.2948276,318.1906396,281.08054124,242.66511547999997,204.28217832,163.87200932000002,126.54321115199998,107.112751564,120.56714817999999,165.50076543999998,216.21752220000002,239.52352544,226.89598927999998,206.38432891999997,214.93263952,258.08392024,300.75752256,299.73716784
mean,700K,0.0,0.0,0.0,0.0,0.0,0.0,0.0,0.0,0.0,4.1209924604e-06,8.106570818e-05,0.0009517590975199999,0.008803406846,0.06399326973599999,0.36713513383999996,1.6687761276000002,6.0429278408,17.564946908,41.42622737999999,80.514573784,131.82104371999998,187.09269835999999,237.613706,277.5049232,303.70922479999996,316.72986144000004,321.60472796,324.44589384000005,328.35622491999993,334.82911916,344.35262024,351.18993504,344.01463428,318.0551530000001,281.02988332,242.55017576,204.15878560000002,164.0584838,127.39619013999999,108.576163616,121.782557792,165.22494432000002,214.26094988000003,237.67779892000001,227.51575839999998,209.5735796,217.63301916,256.69620072000004,294.97897212,293.32057996
std,all,0.0,0.0,0.0,0.0,0.0,0.0,0.0,0.0,0.0,2.3288702791794284e-07,1.7372333661106773e-06,1.6648120191227207e-05,0.00013657412423927272,0.0008552076531729258,0.004160473382559209,0.015667850896230767,0.04571169038256605,0.10327080138268664,0.18045654284638918,0.24353764951453508,0.25401339851239924,0.208339186561039,0.1451378826129285,0.10202970400852575,0.07280397996458886,0.04391750161508494,0.058838506011530366,0.18226414685433112,0.38529772854072286,0.3867499665638821,0.17920574996546876,0.7636074609261149,0.8769095993545178,0.4694094281840088,0.3074942175014543,0.4397721078962439,0.4642703334525523,0.7913598035137274,2.536584468637055,4.12300518444689,3.3547671069185667,0.9234916256670553,5.219881255847083,5.053828856688022,1.9865499619614042,7.890503990374333,6.59935788767812,4.0851689067614965,15.014138046309313,16.970499120230578
std,1000K,0.0,0.0,0.0,0.0,0.0,0.0,0.0,0.0,0.0,7.390964443124741e-08,1.014104566145922e-06,1.0446540010167469e-05,8.535534358154798e-05,0.000537755288605915,0.002627131904821485,0.009937304197121547,0.029115628584626223,0.06605409589766939,0.11592425239570667,0.15719306407148598,0.16449487150145023,0.13360908585509304,0.0875381184949738,0.05327071125698883,0.03419740402067933,0.03339346860220522,0.06343132517607951,0.1076278235805144,0.1560891953770473,0.1494947291579947,0.18271898632575215,0.3784084839518349,0.4070168833822506,0.26520697564841034,0.31939103719822776,0.3779567423274176,0.4208243831805363,0.6227486787746034,1.0534191717832093,1.507092894054112,1.185087180289731,0.7830800762757848,2.3759586016537675,2.548814523680965,1.752165608298496,2.9803675173913007,2.39814767990232,2.586361796653713,6.342136605543239,6.800748305345963
std,100K,0.0,0.0,0.0,0.0,0.0,0.0,0.0,0.0,0.0,8.530680449467459e-08,3.457353169923467e-07,4.089470829162783e-06,3.294484747193641e-05,0.00020823145904859248,0.0010174370362224115,0.0038534406355065025,0.011308171815149025,0.02571740870140905,0.04534036051377791,0.06198133085004988,0.06567119831099259,0.0537613232640818,0.033658978979668824,0.0156290509842147,0.005529951629659573,0.0035730287731773115,0.0065465276018324674,0.010971946037432994,0.016386830874001192,0.015539500656194343,0.018991808413958193,0.03960427827800635,0.04132432980959598,0.026365749444286428,0.03448153105673262,0.039049664228106656,0.04435707965337214,0.06421184987475244,0.11111788772652412,0.17667412621199058,0.14720600057626745,0.0758017260178762,0.3071626499305746,0.320942747709998,0.19675816109587355,0.4575864032297095,0.38234016739519694,0.32073474769335325,0.9129853425348787,0.9133959546896749
std,2000K,0.0,0.0,0.0,0.0,0.0,0.0,0.0,0.0,0.0,8.247889241506218e-08,1.2572312907673318e-06,1.2910293975100072e-05,0.00010516972827150348,0.000662174432111527,0.0032315174586896875,0.012214378710658178,0.03575903456013107,0.08103601074378972,0.14197144138819098,0.19195046703960858,0.20010441548191807,0.16277774844480886,0.11145953627648711,0.07959480969233894,0.059118971994799034,0.06311691057850122,0.124807961148697,0.21081985646973783,0.299706556538302,0.2868903101921549,0.3506152403306817,0.7225705734669511,0.7978333145989855,0.535334652038456,0.5919835492903838,0.7245046207426212,0.814581097098936,1.2071262338668836,1.9596696757584933,2.5775252710600496,1.9723162810735777,1.517426046825115,3.7390994878266355,4.159463989641253,3.124232417467512,3.873451907977602,3.026398353119115,4.374912742875166,9.252509579585583,10.173116014007633
std,200K,0.0,0.0,0.0,0.0,0.0,0.0,0.0,0.0,0.0,1.0101473899083223e-07,4.75857537446315e-07,5.63342908127387e-06,4.5261652423722265e-05,0.0002869386242773181,0.0014045401596833372,0.0053307229143516885,0.01567413163021963,0.035714981138700815,0.06307227620940253,0.0863269029308449,0.09151913006338196,0.07481871576619266,0.04656663385687356,0.021529006659456385,0.007999014804629471,0.006853743963817035,0.01301814287470109,0.022022601580612672,0.03251362570448731,0.030961999890595334,0.038046329807277214,0.07884188718534237,0.08252042813366621,0.05247068680971405,0.06837274673866921,0.07809351709453492,0.08771438464074303,0.1269582072420985,0.22031585633785522,0.3460189545170621,0.2856782999934653,0.1536038379594903,0.594727225659491,0.6210422991566096,0.3861559911017316,0.8711842527882474,0.7233056102256799,0.6204373289228845,1.742977538717972,1.7642557721167214
std,300K,0.0,0.0,0.0,0.0,0.0,0.0,0.0,0.0,0.0,9.556211712729308e-08,5.270667866495482e-07,6.035104240883694e-06,4.8702378748412864e-05,0.00030913029863456013,0.001515641231983352,0.005760306414983001,0.016957930950632846,0.038681975742209766,0.06835459254714657,0.0935485741154818,0.09912268047032634,0.0810017083212344,0.05065857354436973,0.024382919986712756,0.010853031708348258,0.010130054172492683,0.01934623966360254,0.032785291233943616,0.04829669579150842,0.046219284831316654,0.056570127069909576,0.11739853895240909,0.12361929692536373,0.07913453174392021,0.10166609997708372,0.1163967151909632,0.13107350451412436,0.19109383677394065,0.32968439608386574,0.5101250575406047,0.41783502928707345,0.23207811840541925,0.866570482674691,0.9087843060257071,0.5741233058370603,1.2434984706180314,1.0282687973420959,0.9086452477779398,2.50209424644098,2.557400986179337
std,400K,0.0,0.0,0.0,0.0,0.0,0.0,0.0,0.0,0.0,8.515318448546318e-08,5.871742721523061e-07,6.37504028216096e-06,5.1724000542322394e-05,0.0003279440365041392,0.001608454549802495,0.006111944717542858,0.01798830695488513,0.04100654404769731,0.07238590010873963,0.09886768041222657,0.10444173558637522,0.08517399135345535,0.05385056515698228,0.02778280575250855,0.014440836956133761,0.013561838140902375,0.025684596957272803,0.04366984020957232,0.06412293920150589,0.06138407832640448,0.07509999719014572,0.15578000700054256,0.1645591619808702,0.10556526617118686,0.13437173707561373,0.15470881372037704,0.17366891342804727,0.25395824589314137,0.4372695499071921,0.6681506417744801,0.5432806739507012,0.311297761725371,1.1221396403155137,1.1799785037477544,0.7557571494458,1.5800961034979797,1.3007147461173179,1.1808959368989127,3.197687307415261,3.2984598109179775
std,500K,0.0,0.0,0.0,0.0,0.0,0.0,0.0,0.0,0.0,8.281893724179148e-08,6.913483760182788e-07,7.458958429546146e-06,6.074948041796495e-05,0.00038456477409458975,0.0018854417989600915,0.007159602514613216,0.02105600034230773,0.04796431850302324,0.08458427007407683,0.11536538277812686,0.12158859146506205,0.09892053754937669,0.0627440651887466,0.033217423705640424,0.018196300921713954,0.017249281251854338,0.03205765814481064,0.05441319204163499,0.07973656141193984,0.07637127190025336,0.09337987382797974,0.1937418511578092,0.20534288219229793,0.13203287105505276,0.16651107570747964,0.19270110087067416,0.2157889844111087,0.316416337701987,0.5435270822225082,0.8205937666896712,0.6627567534740479,0.39067758610087516,1.3628072447818722,1.4373417981691081,0.9327453932354111,1.8828756310072188,1.5434245983844395,1.4404938644498066,3.8356806992866144,3.989432433639368
std,700K,0.0,0.0,0.0,0.0,0.0,0.0,0.0,0.0,0.0,7.666840647364617e-08,8.480191154503132e-07,8.809676341739931e-06,7.198813804895415e-05,0.0004544214978975999,0.002223876082926666,0.00842675235567287,0.024731894368857706,0.056213717565622025,0.09887926840608977,0.13444663254556238,0.14120642267319805,0.11483944844220714,0.07404949813199191,0.04221454377060254,0.02516668064246818,0.023814864658997247,0.04464038443649889,0.07582813862184863,0.11064362097560408,0.10596613983199707,0.12954160756120858,0.26869009714278524,0.2865105294631965,0.18513670528612092,0.22917936096205843,0.26775013421252003,0.2988177854824575,0.44011290159726024,0.7518771802674162,1.1096810907394306,0.8855706331282249,0.5489662353621925,1.8034741169945259,1.914481079615892,1.273144694258056,2.397896604060116,1.9502936713831829,1.9264991372753528,4.961312389025377,5.23388420744697
lci95,all,0.0,0.0,0.0,0.0,0.0,0.0,0.0,0.0,0.0,3.942900274421135e-06,8.069133054128811e-05,0.0009461644626293707,0.008760489151197946,0.06372122917698111,0.36581687071603136,1.6638049917750783,6.0284066689971905,17.532052544627597,41.36845784088339,80.43586085885464,131.73787979952473,187.02477284539103,237.57167301303863,277.485994675589,303.7032918225658,316.7286712685882,321.6006566724454,324.4237587135002,328.30324150761,334.7761783751872,344.3576396167737,351.22885584878645,344.04743652379085,318.0572967291101,281.0241810854871,242.5782561751196,204.2096591282351,164.00939246691442,127.0257928435934,107.85287186657429,121.14225648402089,165.35526936654674,215.03325891078637,238.38757800546537,226.99037240593077,207.30310442875978,215.65909674192335,257.21605238738704,297.50711923482834,295.75723544895624
lci95,1000K,0.0,0.0,0.0,0.0,0.0,0.0,0.0,0.0,0.0,4.118661482838978e-06,7.980011909712321e-05,0.000939765942724391,0.00870463776830335,0.063375900410433,0.36413412318344546,1.6574877978883307,6.010034087387382,17.490724415493162,41.29669691103956,80.33996979668399,131.63915004430314,186.94351007756308,237.51007680204242,277.4350970618821,303.6636258373941,316.7061015380925,321.60739309646215,324.51438580799464,328.52645705262125,335.00205704040917,344.2815378581006,350.77806156218026,343.54452673379666,317.8137156963063,280.9118034012129,242.33948742490588,203.94050207365999,164.27617548082566,128.52180653891548,110.49560376050039,123.3622783260097,164.76245381618494,211.2853356779626,234.82828840375288,228.08635350001285,213.4185653392627,220.87565861718397,254.47641717767405,286.4108945078862,283.63980587516585
lci95,100K,0.0,0.0,0.0,0.0,0.0,0.0,0.0,0.0,0.0,3.4537615566554885e-06,8.051524034088185e-05,0.0009382253903337586,0.008702943297330205,0.06334823429107737,0.3639960075244804,1.6568624377715744,6.007902406477806,17.485012678039663,41.284422527550184,80.31849072231601,131.61015156366855,186.92139565903395,237.5229886486204,277.49626586363405,303.7403467058922,316.7540795623004,321.58067944660814,324.2797132877193,327.9665599266909,334.43694959343054,344.45457533812856,351.9343486296424,344.85133816880034,318.45058455669573,281.1739090687285,242.9040637759783,204.5554380725563,163.51930082511385,124.78895630717471,104.01284009978181,117.94429977290189,166.12335237313047,220.5519699048953,243.6123270091861,225.3866023398327,198.90327086572236,208.5273550840713,261.19321944855994,313.92762342063685,313.88301371372
lci95,2000K,0.0,0.0,0.0,0.0,0.0,0.0,0.0,0.0,0.0,4.079084830007999e-06,7.69428725512771e-05,0.0009124458475771886,0.008481254249514328,0.061980800854063496,0.35736823688058467,1.6320784499161558,5.936103206936005,17.324176522395472,41.006647908169725,79.95026046755142,131.23463138984084,186.61043468167605,237.2688980446937,277.2561934214216,303.5359565294102,316.64208709914215,321.63896164256596,324.77216689540614,329.1236706184345,335.607004038355,344.1178742894271,349.5645584015528,342.10785319663614,317.04422671065635,280.599294014762,241.82683468945828,203.49522347426026,165.29815873409376,132.40040488530988,116.71590323312846,128.34392082260695,163.8487825081803,204.02152740853919,227.83161496086132,229.51526948927625,223.43411498914438,229.1346786636882,249.0461556349168,265.947307278347,259.41160008993927
lci95,200K,0.0,0.0,0.0,0.0,0.0,0.0,0.0,0.0,0.0,3.7506521941938163e-06,8.152121289811095e-05,0.0009515016157493249,0.008808007816481948,0.06401233893983216,0.3672302208401329,1.6690841495652462,6.0436859502139235,17.56622617145282,41.42733041068578,80.51358628469113,131.81673245602238,187.09025460414662,237.62717046832452,277.541374178993,303.75180279661885,316.7545970490244,321.58497185849535,324.3058637324259,328.0300253567335,334.5006228323775,344.4340780405687,351.80276352072656,344.70584179613013,318.3822901627012,281.1455106861906,242.83669041212656,204.47676975476654,163.5940990548688,125.21346666211932,104.778161278795,118.59889912699049,165.9458576580791,219.36593958280588,242.48949787793893,225.7700702572758,200.8486927169316,210.20177301462866,260.3093860321825,310.25542793980645,310.01691165081843
lci95,300K,0.0,0.0,0.0,0.0,0.0,0.0,0.0,0.0,0.0,3.9267846800131635e-06,8.198012955455628e-05,0.0009580950965974042,0.008859306376093647,0.06433802059537891,0.36881563539429285,1.6750812928732384,6.061259329398959,17.606159181524674,41.49773229415995,80.60999174972072,131.91916255097527,187.17385198374564,237.67723356772524,277.55993768168906,303.7529066526076,316.75206496879974,321.5883056392762,324.33195716585897,328.09324031815,334.56430732373684,344.4139372555609,351.671726466549,344.5601005619933,318.31355754958196,281.11725950198127,242.77020474606545,204.39985362826073,163.67090409719333,125.63750401964283,105.53616563577484,119.24339156456728,165.77432089157014,218.21524426082155,241.39702703377333,226.12427466549127,202.70262884650575,211.79706354866676,259.47608418989597,306.77385512982505,306.2981276711458
lci95,400K,0.0,0.0,0.0,0.0,0.0,0.0,0.0,0.0,0.0,4.023111178562078e-06,8.198259550972792e-05,0.0009593156170978418,0.008867590135768712,0.06439231768121009,0.369078414828741,1.6760808294323355,6.0642042882231495,17.6129059117626,41.50978843904672,80.62687895401427,131.93765026965676,187.18877831321757,237.6836352492214,277.55687165552314,303.74576769185603,316.74709012135884,321.5911805769272,324.35807396473683,328.15596629480905,334.6275657772095,344.39403442746215,351.5417102830067,344.4145836200869,318.2441991196818,281.0886327696233,242.70504206066386,204.32617809479754,163.75049327151964,126.05777580133051,106.27924838404445,119.87086200464886,165.6098054582155,217.11100627140243,240.35120401358088,226.46192712230456,204.4680349000027,213.30716141506036,258.6734063470159,303.4494617656815,302.705370519127
lci95,500K,0.0,0.0,0.0,0.0,0.0,0.0,0.0,0.0,0.0,4.072724592770719e-06,8.172678189900534e-05,0.0009574507777459897,0.008851178778573344,0.06429077471197628,0.3685822440868539,1.674214276883314,6.058761024815587,17.600630594787308,41.48842754944463,80.59823815661242,131.90805797817853,187.1643448608151,237.66512231467968,277.54169147058866,303.73400996530313,316.7407442046174,321.59390934311955,324.38422138669694,328.2184029291216,334.69063919726375,344.3745456015223,351.4124848735151,344.26919836691354,318.1741603279102,281.05975867804693,242.64106409152473,204.25524528915952,163.8325167990772,126.47537250996689,107.01033170560873,120.48442825743403,165.45200423236065,216.04742765298897,239.34412809456046,226.77957156520833,206.1493236551244,214.7400017798404,257.9041294792127,300.27878400506324,299.23923924061125
lci95,700K,0.0,0.0,0.0,0.0,0.0,0.0,0.0,0.0,0.0,4.111423331736261e-06,8.095986531201443e-05,0.0009506595451714196,0.00879442187048091,0.06393655253029615,0.36685756766445865,1.6677243687175898,6.039841006337164,17.557930767704487,41.41388607169486,80.49779324577821,131.8034194796009,187.07836503147053,237.60446374223437,277.49965432303486,303.70608369904085,316.72688906174784,321.59915630927816,324.43642958675446,328.34241528062387,334.81589332588277,344.3364519072137,351.15639932133195,343.97887435950537,318.03204573802935,281.00127901096334,242.51675735988113,204.12148958762916,164.00355247723405,127.30234692858824,108.43766222251331,121.67202804814592,165.1564268069872,214.03585486810388,237.43884891937054,227.35685480532177,209.27429359443417,217.38959932213032,256.455750722888,294.3597413471796,292.6673289835448
hci95,all,0.0,0.0,0.0,0.0,0.0,0.0,0.0,0.0,0.0,3.963346183065093e-06,8.084384790137589e-05,0.0009476260551773394,0.008772479437184628,0.06379631063473645,0.3661821321883251,1.665180523297531,6.03241984677647,17.54111902372493,41.38430070693834,80.45724182016387,131.76018046086583,187.04306361930603,237.5844151391897,277.4949521947165,303.7096835204486,316.73252692870767,321.60582229600726,324.4397602749825,328.3370680467217,334.8101324109921,344.37337267165884,351.2958954281289,344.12442326589365,318.0985077075448,281.05117700164345,242.61686519693845,204.2504189288506,164.07886851455774,127.24848783342216,108.21484388405166,121.4367823852831,165.43634569604717,215.49152924144195,238.8312700566278,227.16477807979783,207.99583740398938,216.23847580689983,257.5747026351467,298.82525918279816,297.2471306902526
hci95,1000K,0.0,0.0,0.0,0.0,0.0,0.0,0.0,0.0,0.0,4.137111087561021e-06,8.005326371087677e-05,0.000942373647515609,0.008725944491696648,0.06351013691756702,0.3647899177765545,1.6599683853116693,6.017302040612618,17.507213088506838,41.325634360960436,80.37920892331601,131.68021187569687,186.97686208243698,237.53192839795759,277.44839469811774,303.6721623226059,316.71443734190746,321.6232270635378,324.54125227200535,328.56542062737867,335.0393744795908,344.32714886189945,350.87252131781975,343.6461278262033,317.8799176636936,280.99153099878714,242.4338344150941,204.04554984634004,164.43162835917434,128.78476501308455,110.87180998349965,123.6581042659903,164.95792922381506,211.8784314420374,235.46453311624714,228.5237356999872,214.16253594073723,221.47429330281605,255.122034582326,287.9940426121138,285.33743436483405
hci95,100K,0.0,0.0,0.0,0.0,0.0,0.0,0.0,0.0,0.0,3.4750994698505355e-06,8.060171961092537e-05,0.0009392482955296953,0.008711183839215984,0.06340031952418367,0.364250500507648,1.6578263043971004,6.010730935690869,17.491445410313748,41.29576357686748,80.33399420137876,131.62657799456437,186.9348430558255,237.53140781724306,277.5001751805426,303.74172992061403,316.7549732891051,321.58231693893396,324.28245771629696,327.9706587881686,334.4408365109872,344.45932578636956,351.9442549044942,344.8616746826053,318.4571794593685,281.18253398348037,242.91383132442334,204.56653317242362,163.53536222709502,124.81675038358833,104.0570318520254,117.9811206206724,166.14231276743178,220.62880093847818,243.6926048783641,225.4358177404886,199.0177276081732,208.62299037777603,261.2734452903959,314.1559897520539,314.11148275214344
hci95,2000K,0.0,0.0,0.0,0.0,0.0,0.0,0.0,0.0,0.0,4.099673522792001e-06,7.725670737672288e-05,0.0009156685639428116,0.008507507114485674,0.062146095337936504,0.3581749004794153,1.6351274492838446,5.945029512263993,17.344405037604535,41.042087355830276,79.9981758684486,131.28458221015916,186.65106787832394,237.2967209953063,277.2760621785784,303.5507140305898,316.65784258085785,321.6701166774342,324.82479254459383,329.19848450156553,335.6786186816449,344.2053961905728,349.7449291984472,342.3070113633639,317.1778589693436,280.74706718523794,242.00768827054173,203.69856228573977,165.59948614590627,132.8895850346901,117.35931483087155,128.83625786539307,164.22756813181968,204.9548955514608,228.8699160791387,230.29515219072374,224.40102069085563,229.89013965631176,250.13823788508316,268.25695368165304,261.95105175006074
hci95,200K,0.0,0.0,0.0,0.0,0.0,0.0,0.0,0.0,0.0,3.775970750161022e-06,8.164048287608262e-05,0.0009529135907829332,0.008819352296421279,0.06408425786661945,0.36758225786954457,1.6704202536605597,6.047614548979626,17.575177852740737,41.4431389844755,80.53522344917987,131.83967101171956,187.1090073313372,237.63884203167547,277.54677025649096,303.75380768725205,316.7563148864595,321.58823475440795,324.3113835256386,328.03817464326653,334.5083832160098,344.44361405620555,351.8225246244348,344.72652489741824,318.39544153084717,281.1626477815514,242.85626394271216,204.49875468071738,163.62592013867962,125.26868711207425,104.86488822926951,118.67050216333212,165.9843572612757,219.5150033204199,242.64515728335132,225.86685724272422,201.06704825081036,210.38306392085525,260.46489380652724,310.6922916569677,310.459108591117
hci95,300K,0.0,0.0,0.0,0.0,0.0,0.0,0.0,0.0,0.0,3.950639256786836e-06,8.211169795744375e-05,0.0009596016021225958,0.008871463647906357,0.0644151868686211,0.3691939754857072,1.676519202326762,6.065492432201042,17.61581512247532,41.514795225840054,80.63334369827929,131.94390592902477,187.19407193625437,237.68987915227473,277.56602423831083,303.75561582739243,316.7545936712003,321.59313492072386,324.34014115414107,328.10529632185006,334.57584475626317,344.42805850443915,351.70103193345096,344.59095887800663,318.33331141041805,281.14263777801875,242.79926013393455,204.43257269173924,163.71860566280668,125.71980108435717,105.66350498022518,119.34769312343272,165.83225310842988,218.43156085917846,241.62388120622666,226.26758949450874,203.01303563349424,212.05374389133323,259.702903650104,307.39843735017485,306.93651576885424
hci95,400K,0.0,0.0,0.0,0.0,0.0,0.0,0.0,0.0,0.0,4.044367438237923e-06,8.212916817027211e-05,0.0009609069787421583,0.008880501676231287,0.06447418031078991,0.36947992333125895,1.6776065161676645,6.06869459737685,17.623142120237407,41.52785768095327,80.65155867798572,131.9637214103432,187.21003976678244,237.69707763077864,277.56380690447673,303.749372468144,316.7504754786411,321.59759206307285,324.3689749952632,328.171972905191,334.64288870279063,344.4127811725378,351.58059667699325,344.45566149991305,318.2705507203182,281.1221751503767,242.7436610593361,204.3695299852025,163.81388728848032,126.1669286786695,106.44603467195557,120.00647777935116,165.68751278178453,217.39111900859754,240.64575470641913,226.65058207769542,204.86246445999734,213.63185074493964,258.96818605298404,304.2476805543185,303.5287445208729
hci95,500K,0.0,0.0,0.0,0.0,0.0,0.0,0.0,0.0,0.0,4.093398168829281e-06,8.189935889299465e-05,0.0009593127111340103,0.008866343293426658,0.06438677122402373,0.3690528951931461,1.676001483916686,6.064017103184415,17.61260362921269,41.50954179455537,80.62703609938758,131.9384093818215,187.18903777918484,237.6807847253203,277.5499833294113,303.7385521946968,316.7450500353825,321.6019116968805,324.39780421330306,328.2383070708783,334.7097032827362,344.3978554384777,351.46084744648493,344.3204568330865,318.2071188720898,281.1013238019531,242.6891668684752,204.3091113508405,163.91150184092282,126.61104979403308,107.21517142239128,120.64986810256595,165.5495266476393,216.38761674701107,239.7029227854395,227.01240699479163,206.61933418487556,215.1252772601596,258.2637110007873,301.2362611149367,300.2350964393887
hci95,700K,0.0,0.0,0.0,0.0,0.0,0.0,0.0,0.0,0.0,4.130561589063739e-06,8.117155104798558e-05,0.0009528586498685803,0.008812391821519092,0.06404998694170383,0.36741270001554127,1.6698278864824105,6.046014675262836,17.571963048295512,41.438568688305125,80.5313543222218,131.83866796039905,187.10703168852945,237.62294825776564,277.51019207696515,303.71236590095907,316.73283381825223,321.6102996107218,324.45535809324565,328.370034559376,334.84234499411724,344.36878857278634,351.2234707586681,344.0503942004946,318.0782602619708,281.0584876290367,242.58359416011888,204.19608161237088,164.11341512276596,127.49003335141174,108.7146650094867,121.8930875358541,165.29346183301283,214.48604489189617,237.9167489206295,227.6746619946782,209.8728656055658,217.87643899786968,256.93665071711206,295.5982028928204,293.97383093645516
ci95_width,all,0.0,0.0,0.0,0.0,0.0,0.0,0.0,0.0,0.0,2.0445908643957573e-08,1.5251736008777559e-07,1.4615925479687184e-06,1.199028598668217e-05,7.508145775533825e-05,0.00036526147229376527,0.0013755315224526221,0.004013177779279786,0.009066479097334934,0.01584286605495322,0.021380961309233726,0.022300661341091654,0.018290773914998226,0.012742126151067623,0.008957519127534397,0.006391697882804692,0.003855660119484128,0.005165623561879329,0.016001561482312354,0.03382653911171474,0.033954035804868,0.01573305488511778,0.06703957934246318,0.07698674210280387,0.041210978434719436,0.026995916156351996,0.03860902181884285,0.040759800615489894,0.06947604764332027,0.22269498982876712,0.3619720174773704,0.29452590126220457,0.08107632950043353,0.45827033065558,0.4436920511624294,0.17440567386705652,0.6927329752296032,0.5793790649764787,0.3586502477596696,1.3181399479698257,1.4898952412963808
ci95_width,1000K,0.0,0.0,0.0,0.0,0.0,0.0,0.0,0.0,0.0,1.8449604722042703e-08,2.531446137535613e-07,2.607704791217965e-06,2.1306723393298838e-05,0.00013423650713401125,0.0006557945931090492,0.002480587423338676,0.007267953225236212,0.016488673013675736,0.02893744992087477,0.039239126632026,0.04106183139373343,0.03335200487390466,0.021851595915165944,0.013297636235620303,0.008536485211834588,0.008335803814929932,0.015833967075650435,0.026866464010709024,0.03896357475741752,0.03731743918160646,0.045611003798853744,0.09445975563949105,0.1016010924066677,0.06620196738731465,0.07972759757421954,0.09434699018822812,0.10504777268005228,0.15545287834868304,0.2629584741690678,0.376206222999258,0.29582593998060247,0.19547540763011284,0.5930957640748034,0.6362447124942605,0.43738219997436545,0.7439706014745298,0.5986346856320779,0.6456174046519436,1.5831481042275755,1.6976284896682046
ci95_width,100K,0.0,0.0,0.0,0.0,0.0,0.0,0.0,0.0,0.0,2.1337913195047022e-08,8.647927004351835e-08,1.0229051959366985e-06,8.24054188577894e-06,5.208523310629154e-05,0.00025449298316759794,0.0009638666255260553,0.0028285292130636464,0.00643273227408514,0.01134104931729496,0.015503479062743963,0.01642643089581952,0.013447396791548272,0.008419168622651796,0.003909316908561777,0.0013832147218408863,0.00089372680474753,0.0016374923258126728,0.0027444285776709876,0.004098861477700666,0.0038869175566560443,0.0047504482409976845,0.009906274851800845,0.01033651380498668,0.006594902672759417,0.008624914751862889,0.009767548445040575,0.011095099867304725,0.016061401981176004,0.02779407641361331,0.04419175224359151,0.036820847770513865,0.018960394301302586,0.07683103358289145,0.08027786917801905,0.049215400655896246,0.11445674245084092,0.09563529370473134,0.08022584183595427,0.22836633141707807,0.2284690384234409
ci95_width,2000K,0.0,0.0,0.0,0.0,0.0,0.0,0.0,0.0,0.0,2.0588692784002176e-08,3.1383482544577383e-07,3.222716365623062e-06,2.6252864971345463e-05,0.0001652944838730075,0.000806663598830637,0.003048999367688765,0.00892630532798755,0.020228515209062436,0.03543944766055063,0.047915400897181826,0.049950820318315436,0.04063319664788878,0.027822950612574004,0.019868757156814354,0.014757501179587962,0.015755481715700626,0.031155034868220355,0.052625649187689305,0.07481388313101434,0.07161464328987677,0.08752190114569203,0.18037079689440816,0.1991581667277842,0.13363225868727113,0.14777317047594352,0.18085358108345417,0.2033388114795116,0.3013274118125082,0.4891801493802177,0.6434115977430963,0.4923370427861187,0.3787856236393736,0.9333681429216085,1.0383011182773885,0.779882701447491,0.966905701711255,0.7554609926235685,1.0920822501663565,2.309646403306033,2.539451660121472
ci95_width,200K,0.0,0.0,0.0,0.0,0.0,0.0,0.0,0.0,0.0,2.5318555967205816e-08,1.1926997797167692e-07,1.4119750336083134e-06,1.134447993933127e-05,7.191892678728995e-05,0.00035203702941166704,0.001336104095313484,0.003928598765702063,0.008951681287918234,0.015808573789726665,0.021637164488737426,0.022938555697180618,0.018752727190587848,0.011671563350944325,0.005396077497948681,0.0020048906332021943,0.0017178374350805825,0.003262895912598651,0.005519793212670265,0.008149286533011946,0.007760383632330559,0.009536015636854245,0.019761103708219707,0.020683101288113903,0.013151368145940978,0.017137095360794774,0.019573530585603294,0.021984925950846446,0.03182108381082571,0.05522044995493047,0.08672695047451384,0.07160303634162801,0.0384996031966125,0.14906373761402847,0.15565940541239343,0.096786985448432,0.21835553387876416,0.18129090622659305,0.1555077743447555,0.43686371716125905,0.44219694029857237
ci95_width,300K,0.0,0.0,0.0,0.0,0.0,0.0,0.0,0.0,0.0,2.3854576773672557e-08,1.3156840288747716e-07,1.5065055251916627e-06,1.215727181270998e-05,7.716627324219627e-05,0.0003783400914143531,0.0014379094535237336,0.004233102802082556,0.009655940950644037,0.0170629316801012,0.023351948558570257,0.024743378049493003,0.020219952508739425,0.01264558454948883,0.0060865566217671585,0.00270917478485444,0.002528702400582006,0.004829281447655376,0.008183988282098653,0.012056003700081419,0.011537432526324665,0.014121248878268489,0.029305466901973887,0.030858316013336662,0.019753860836090098,0.025378276037486103,0.029055387869107108,0.032719063478509725,0.047701565613351704,0.08229706471433929,0.12733934445034834,0.10430155886544412,0.05793221685974004,0.21631659835691153,0.22685417245332928,0.14331482901746995,0.31040678698849433,0.25668034266647055,0.22681946020804844,0.6245822203497937,0.6383880977084573
ci95_width,400K,0.0,0.0,0.0,0.0,0.0,0.0,0.0,0.0,0.0,2.1256259675844996e-08,1.4657266054419658e-07,1.5913616443164955e-06,1.2911540462574866e-05,8.186262957982082e-05,0.00040150850251796655,0.001525686735329046,0.004490309153700522,0.010236208474807995,0.01806924190654513,0.024679723971445355,0.02607114068644023,0.02126145356487541,0.013442381557240424,0.006935248953595874,0.003604776287943423,0.003385357282240875,0.006411486145680101,0.010901030526383693,0.016006610381964492,0.01532292558113113,0.018746745075645777,0.03888639398655869,0.041077879826161734,0.02635160063641706,0.033542380753374346,0.038618998672234284,0.043351890404949245,0.0633940169606717,0.10915287733899959,0.1667862879111226,0.1356157747023019,0.07770732356902954,0.2801127371951111,0.29455069283824287,0.1886549553908594,0.39442955999464857,0.324689329879277,0.2947797059681534,0.7982187886369729,0.8233740017459468
ci95_width,500K,0.0,0.0,0.0,0.0,0.0,0.0,0.0,0.0,0.0,2.0673576058561675e-08,1.725769939893147e-07,1.861933388020657e-06,1.5164514853314298e-05,9.599651204744708e-05,0.00047065110629218587,0.0017872070333719847,0.005256078368827133,0.011973034425381002,0.021114245110737784,0.02879794277515657,0.0303514036429533,0.024692918369737527,0.015662410640629787,0.008291858822644826,0.004542229393678099,0.004305830765133578,0.008002353760957703,0.013582826606125309,0.019904141756683202,0.019064085472450643,0.02330983695537725,0.04836257296983604,0.051258466172953376,0.03295854417956434,0.04156512390613898,0.04810277695048626,0.05386606168099206,0.07898504184561261,0.1356772840661904,0.2048397167825442,0.1654398451319139,0.0975224152786609,0.34018909402209374,0.35879469087905136,0.23283542958330372,0.4700105297511641,0.38527548031919423,0.3595815215745688,0.95747710987348,0.9958571987774576
ci95_width,700K,0.0,0.0,0.0,0.0,0.0,0.0,0.0,0.0,0.0,1.9138257327477894e-08,2.1168573597114154e-07,2.199104697160701e-06,1.796995103818186e-05,0.00011343441140768129,0.0005551323510826212,0.0021035177648207615,0.006173668925672615,0.01403228059102446,0.024682616610263608,0.033561076443589855,0.035248480798145465,0.028666657058920464,0.018484515531270063,0.010537753930293547,0.006282201918224928,0.00594475650439108,0.011143301443667042,0.01892850649119282,0.027619278752126775,0.02645166823447198,0.03233666557264314,0.0670714373361534,0.07151984098925368,0.046214523941443986,0.05720861807333222,0.06683680023775196,0.07459202474171889,0.10986264553190495,0.18768642282350356,0.27700278697338376,0.22105948770817463,0.13703502602561457,0.45019002379228823,0.47790000125894494,0.31780718935641517,0.5985720111316368,0.48683967573936116,0.48089999422404617,1.2384615456408028,1.3065019529103665
lci99,all,0.0,0.0,0.0,0.0,0.0,0.0,0.0,0.0,0.0,3.939683287143404e-06,8.066733325089718e-05,0.0009459344936554345,0.008758602583173642,0.06370941575755337,0.36575939997555823,1.6635885637608037,6.0277752301071885,17.530626012384992,41.365965102632956,80.43249674910949,131.73437098291657,187.02189494996418,237.5696681494528,277.4845852872573,303.70228614406403,316.72806461374256,321.5998439061571,324.4212410058938,328.29791919360247,334.77083600067533,344.3551641563632,351.2183077495259,344.03532332431354,318.0508125373025,281.0199335110536,242.57218137873076,204.20324592536375,163.99846101039333,126.99075370879294,107.79591869342865,121.09591537520433,165.34251270578542,214.9611540291128,238.31776689026006,226.96293117826198,207.194108873366,215.56793644606807,257.15962186603974,297.2997212895117,295.52281329047617
lci99,1000K,0.0,0.0,0.0,0.0,0.0,0.0,0.0,0.0,0.0,4.115728750966009e-06,7.97598794666048e-05,0.0009393514244150981,0.008701250871524503,0.06335456230108491,0.36402987868963066,1.657093486036683,6.008878780355278,17.488103391486483,41.292097041124514,80.33373238189516,131.6326228940739,186.93820847413065,237.50660329283824,277.43298328209056,303.6622688857064,316.7047764865316,321.60487614389774,324.51011514005864,328.52026343930015,334.9961250952562,344.27428757569,350.7630463279652,343.528376319383,317.80319229362453,280.89912997703476,242.32449011578123,203.92380377818077,164.25146483699632,128.48000690634439,110.43580237192747,123.31525411188137,164.73138122861596,211.19105773124065,234.72715154063562,228.01682763548294,213.30030446980948,220.78050020868315,254.37379044019684,286.1592387691942,283.36995244171186
lci99,100K,0.0,0.0,0.0,0.0,0.0,0.0,0.0,0.0,0.0,3.4503695425967295e-06,8.050149303124114e-05,0.0009380627826422904,0.008701633326965585,0.06333995448220689,0.3639555516575515,1.656709215236893,6.007452764998406,17.48399008889936,41.28261968027202,80.31602618801692,131.60754031091741,186.9192579730028,237.52165028258293,277.495644413083,303.740126821045,316.75393748964973,321.5804191401321,324.2792770154262,327.965908344897,334.4363317036267,344.4538201758467,351.9327738634851,344.84969500904873,318.4495361878896,281.1725379959424,242.90251106267675,204.55367432300923,163.5167475997433,124.78453797923967,104.00581509018873,117.93844649042993,166.1203383050048,220.53975634194376,243.59956551473397,225.37877873827398,198.88507607432155,208.5121522731031,261.18046622471394,313.8913208169271,313.84669478303357
lci99,2000K,0.0,0.0,0.0,0.0,0.0,0.0,0.0,0.0,0.0,4.075812070701764e-06,7.689298566159575e-05,0.0009119335676045063,0.008477081118706474,0.06195452579784501,0.3572400103910367,1.6315937838346326,5.934684289808097,17.320961016578938,41.0010144867886,79.94264388033805,131.22669125426418,186.60397566682423,237.26447533454404,277.2530351024078,303.5336106908556,316.6395826225369,321.6340092674263,324.76380157153966,329.1117782736984,335.59562024178524,344.1039618900592,349.5358868287482,342.07619520113303,317.02298465207497,280.57580413009754,241.79808637373148,203.4629009273861,165.25026001115978,132.322645267295,116.6136271286499,128.26565938777534,163.7885711004994,203.87316008342836,227.66656758834634,229.39130006607334,223.2804165651246,229.01459129242835,248.87255926408824,265.58016805101306,259.0079312343888
lci99,200K,0.0,0.0,0.0,0.0,0.0,0.0,0.0,0.0,0.0,3.746627200512978e-06,8.150225206526283e-05,0.0009512771483430819,0.008806204338427064,0.064000905695921,0.3671742560836658,1.668871743670236,6.043061404910985,17.564803086318605,41.42481725749927,80.51014653676668,131.8130858206515,187.08727340693545,237.62531499249116,277.54051634263544,303.7514840710115,316.75432395742985,321.5844531426789,324.30498622847864,328.02872983155265,334.4993891326704,344.43256206142956,351.7996220178045,344.7025537195079,318.380199436289,281.1427863325338,242.83357872846574,204.47327472178992,163.58904032792475,125.20468804289595,104.76437394321114,118.58751610146655,165.9397372197815,219.34224231497132,242.46475207000427,225.75468363707037,200.81397985079593,210.17295246289967,260.28466432965456,310.18597794023935,309.94661380710676
lci99,300K,0.0,0.0,0.0,0.0,0.0,0.0,0.0,0.0,0.0,3.92299277884919e-06,8.195921556455827e-05,0.0009578556238912352,0.008857373867561857,0.06432575431691576,0.3687554948079968,1.6748527241343234,6.0605864393454185,17.604624282202106,41.49501998653394,80.60627974586667,131.9152293667936,187.1706378390479,237.67522343745856,277.5589701683537,303.7524760047232,316.75166300863646,321.587537981224,324.3306562467528,328.09132390710243,334.562473344277,344.4116925550757,351.66706809699957,344.5551953530047,318.31041749437964,281.11322539501055,242.7655861288447,204.39465263659926,163.66332150103625,125.62442215537658,105.51592389294191,119.22681188653658,165.7651120406806,218.18085877711002,241.36096650716078,226.10149347460612,202.6532868746043,211.75626188199453,259.44002918110937,306.6745721255273,306.196650097524
lci99,400K,0.0,0.0,0.0,0.0,0.0,0.0,0.0,0.0,0.0,4.0197323034484555e-06,8.195929645699698e-05,0.0009590626557425161,0.00886553772939935,0.06437930487434561,0.3690145914135327,1.6758383076989825,6.063490512889047,17.611278773658306,41.50691616929037,80.62295588822519,131.9335060255709,187.18539861248823,237.6814984608492,277.5557692348502,303.74519467999625,316.7465519881385,321.5901614130992,324.35634114714236,328.1534218990264,334.625130059322,344.39105446243707,351.5355289382686,344.4080539188139,318.24001029394515,281.0833009042195,242.69890322083424,204.31928691893444,163.74041621800563,126.0404249622626,106.2527361920544,119.84930464822095,165.59745317489956,217.06647981326017,240.30438251154294,226.43193870743042,204.40533674686256,213.2555491035287,258.6265484412655,303.32257765524616,302.57448775959494
lci99,500K,0.0,0.0,0.0,0.0,0.0,0.0,0.0,0.0,0.0,4.069438340498724e-06,8.169934922180499e-05,0.000957154806559904,0.008848768241506644,0.06427551519640308,0.3685074298281602,1.6739301841285188,6.057925523524838,17.598727372457915,41.48507124883316,80.5936604626225,131.9032333475052,187.16041969765683,237.6626326325653,277.5403734044826,303.7332879367764,316.740059753795,321.59263729646665,324.3820622733114,328.21523898540505,334.6876087881066,344.37084029168926,351.40479720424827,344.26105036917755,318.168921268621,281.05315152491164,242.63341771918957,204.24668279048578,163.81996141086165,126.45380537606815,106.97777057623446,120.45813009472609,165.43650216064012,215.9933515134778,239.28709442681276,226.7425602635689,206.0746112218772,214.67875875062495,257.84697073759514,300.12658434116423,299.0809387137554
lci99,700K,0.0,0.0,0.0,0.0,0.0,0.0,0.0,0.0,0.0,4.108381132290636e-06,8.092621594584704e-05,0.0009503099775500788,0.008791565383907924,0.06391852110258597,0.3667693243462811,1.667389995505416,6.038859645711597,17.555700209534827,41.409962546094626,80.49245840852505,131.7978164141332,187.073808206535,237.60152546097189,277.49797925154763,303.70508508611255,316.7259440888262,321.59738498052576,324.43342072910514,328.3380249459622,334.8116885934946,344.3313117011649,351.14573770852206,343.96750563262043,318.02469952062256,280.99218518265866,242.50613304476448,204.10963250929467,163.9860888140795,127.27251247074315,108.39363011914321,121.63688863918885,165.1346438476993,213.96429308390526,237.3628823831276,227.30633647239668,209.1791451486132,217.31221174361156,256.3793073105754,294.16287666075027,292.4596486577533
hci99,all,0.0,0.0,0.0,0.0,0.0,0.0,0.0,0.0,0.0,3.966563170342824e-06,8.086784519176682e-05,0.0009478560241512756,0.008774366005208933,0.0638081240541642,0.36623960292879826,1.6653969513118057,6.033051285666472,17.542545555967536,41.38679344518877,80.46060592990902,131.763689277474,187.04594151473287,237.58642000277553,277.4963615830482,303.7106891989504,316.7331335835533,321.60663506229554,324.4422779825889,328.3423903607292,334.81547478550397,344.3758481320694,351.3064435273895,344.13653646537097,318.1049918993524,281.055424576077,242.6229399933273,204.25683213172195,164.08979997107883,127.28352696822262,108.2717970571973,121.48312349409966,165.44910235680848,215.56363412311552,238.9010811718331,227.19221930746662,208.10483295938317,216.3296361027551,257.631133156494,299.0326571281148,297.4815528487327
hci99,1000K,0.0,0.0,0.0,0.0,0.0,0.0,0.0,0.0,0.0,4.140043819433991e-06,8.009350334139518e-05,0.000942788165824902,0.008729331388475495,0.06353147502691511,0.3648941622703693,1.660362697163317,6.018457347644722,17.509834112513516,41.33023423087548,80.38544633810484,131.6867390259261,186.9821636858694,237.53540190716177,277.4505084779093,303.6735192742936,316.71576239346837,321.6257440161022,324.54552293994135,328.5716142406998,335.0453064247437,344.33439914431005,350.8875365520348,343.66227824061696,317.8904410663754,281.0042044229653,242.44883172421876,204.06224814181925,164.45633900300368,128.82656464565565,110.93161137207257,123.70512848011863,164.98900181138404,211.97270938875934,235.5656699793644,228.59326156451712,214.28079681019045,221.56945171131687,255.2246613198032,288.2456983508058,285.60728779828804
hci99,100K,0.0,0.0,0.0,0.0,0.0,0.0,0.0,0.0,0.0,3.4784914839092945e-06,8.061546692056608e-05,0.0009394109032211634,0.008712493809580604,0.06340859933305415,0.3642909563745769,1.6579795269317819,6.011180577170269,17.49246799945405,41.29756642414564,80.33645873567785,131.6291892473155,186.93698074185664,237.53274618328055,277.50079663109364,303.7419498054612,316.75511536175577,321.58257724541,324.28289398859005,327.97131036996245,334.44145440079103,344.4600809486514,351.94582967065145,344.86331784235693,318.45822782817464,281.1839050562665,242.9153840377249,204.5682969219707,163.53791545246557,124.82116871152337,104.06405686161848,117.98697390314436,166.14532683555746,220.6410145014297,243.70536637281623,225.44364134204733,199.03592239957402,208.63819318874422,261.2861985142419,314.1922923557637,314.1478016828299
hci99,2000K,0.0,0.0,0.0,0.0,0.0,0.0,0.0,0.0,0.0,4.1029462820982364e-06,7.730659426640423e-05,0.0009161808439154939,0.008511680245293527,0.06217237039415499,0.35830312696896327,1.6356121153653678,5.946448429391901,17.34762054342107,41.0477207772114,80.00579245566196,131.29252234573582,186.65752689317577,237.30114370545596,277.2792204975922,303.5530598691444,316.66034705746307,321.67506905257386,324.8331578684603,329.21037684630164,335.69000247821464,344.2193085899407,349.77360077125184,342.33866935886704,317.199101027925,280.7705570699024,242.03643658626854,203.73088483261392,165.64738486884025,132.96734465270498,117.46159093535012,128.91451930022467,164.28777953950058,205.10326287657162,229.03496345165368,230.41912161392665,224.5547191148754,230.0102270275716,250.31183425591172,268.624092908987,262.3547206056112
hci99,200K,0.0,0.0,0.0,0.0,0.0,0.0,0.0,0.0,0.0,3.7799957438418607e-06,8.165944370893073e-05,0.0009531380581891762,0.008821155774476163,0.06409569111053061,0.3676382226260117,1.6706326595555698,6.048239094282564,17.57660093787495,41.44565213766201,80.53866319710431,131.84331764709043,187.11198852854838,237.64069750750883,277.5476280928485,303.7541264128594,316.7565879780541,321.5887534702244,324.31226102958584,328.0394701684474,334.5096169157169,344.4451300353447,351.82566612735684,344.7298129740405,318.3975322572594,281.16537213520826,242.85937562637298,204.502249713694,163.63097886562366,125.27746573129761,104.87867556485337,118.68188518885606,165.9904776995733,219.53870058825447,242.669903091286,225.88224386292964,201.10176111694602,210.41188447258423,260.48961550905517,310.7617416565348,310.5294064348287
hci99,300K,0.0,0.0,0.0,0.0,0.0,0.0,0.0,0.0,0.0,3.95443115795081e-06,8.213261194744175e-05,0.0009598410748287648,0.008873396156438146,0.06442745314708426,0.36925411607200326,1.676747771065677,6.066165322254583,17.617350021797886,41.517507533466066,80.63705570213334,131.94783911320644,187.1972860809521,237.6918892825414,277.5669917516462,303.75604647527683,316.7549956313636,321.59390257877607,324.3414420732472,328.1072127328976,334.577678735723,344.4303032049243,351.7056903030004,344.5958640869952,318.33645146562037,281.1466718849895,242.8038787511553,204.4377736834007,163.72618825896376,125.73288294862343,105.6837467230581,119.36427280146341,165.84146195931942,218.46594634289,241.6599417328392,226.2903706853939,203.06237760539568,212.09454555800545,259.7389586588906,307.4977203544726,307.037993342476
hci99,400K,0.0,0.0,0.0,0.0,0.0,0.0,0.0,0.0,0.0,4.047746313351545e-06,8.215246722300305e-05,0.000961159940097484,0.00888255408260065,0.0644871931176544,0.3695437467464672,1.6778490379010176,6.069408372710953,17.6247692583417,41.53072995070962,80.6554817437748,131.96786565442906,187.21341946751178,237.69921441915082,277.5649093251497,303.74994548000376,316.7510136118614,321.5986112269008,324.3707078128577,328.17451730097366,334.64532442067815,344.41576113756287,351.58677802173133,344.46219120118604,318.2747395460549,281.12750701578045,242.7497998991657,204.3764211610656,163.82396434199433,126.18427951773741,106.47254686394562,120.02803513577906,165.69986506510048,217.4356454667398,240.69257620845707,226.68057049256956,204.92516261313747,213.6834630564713,259.0150439587344,304.37456466475385,303.65962728040495
hci99,500K,0.0,0.0,0.0,0.0,0.0,0.0,0.0,0.0,0.0,4.096684421101276e-06,8.1926791570195e-05,0.000959608682320096,0.008868753830493358,0.06440203073959692,0.3691277094518398,1.676285576671481,6.064852604475164,17.61450685154208,41.51289809516684,80.63161379337751,131.94323401249483,187.19296294234312,237.68327440743468,277.5513013955174,303.73927422322356,316.7457344862049,321.6031837435334,324.3999633266886,328.2414710145949,334.71273369189333,344.4015607483107,351.46853511575176,344.3286048308225,318.212357931379,281.10793095508836,242.69681324081037,204.31767384951425,163.92405722913838,126.63261692793182,107.24773255176555,120.67616626527389,165.56502871935984,216.44169288652225,239.75995645318721,227.04941829643107,206.69404661812274,215.18652028937507,258.32086974240485,301.38846077883574,300.39339696624455
hci99,700K,0.0,0.0,0.0,0.0,0.0,0.0,0.0,0.0,0.0,4.1336037885093636e-06,8.120520041415297e-05,0.000953208217489921,0.008815248308092077,0.064068018369414,0.3675009433337188,1.6701622596945844,6.046996035888403,17.574193606465172,41.44249221390536,80.53668915947496,131.84427102586676,187.11158851346497,237.62588653902813,277.5118671484524,303.71336451388737,316.73377879117385,321.6120709394742,324.45836695089497,328.37442489403765,334.84654972650543,344.37392877883514,351.234132371478,344.06176292737956,318.0856064793776,281.06758145734136,242.59421847523552,204.20793869070536,164.13087878592052,127.51986780925682,108.7586971128568,121.92822694481116,165.31524479230075,214.5576066760948,237.99271545687242,227.72518032760328,209.96801405138677,217.95382657638845,257.01309412942464,295.7950675792497,294.18151126224666
ci99_width,all,0.0,0.0,0.0,0.0,0.0,0.0,0.0,0.0,0.0,2.6879883199420023e-08,2.0051194086963828e-07,1.9215304958410465e-06,1.576342203529063e-05,9.870829661082214e-05,0.0004802029532400276,0.0018083875510019887,0.005276055559283677,0.011919543582543213,0.020828342555816448,0.028109180799532396,0.029318294557413083,0.024046564768696044,0.01675185332271667,0.011776295790923541,0.008403054886343853,0.005068969810736235,0.006791156138433507,0.021036976695086196,0.04447116712674415,0.044638784828634925,0.020683975706219826,0.08813577786361293,0.1012131410574284,0.05417936204992202,0.035491065023393276,0.05075861459653197,0.053586206358204436,0.09133896068550484,0.2927732594296799,0.47587836376865766,0.38720811889533024,0.10658965102305729,0.6024800940027148,0.5833142815730525,0.22928812920463315,0.9107240860171828,0.7616996566870284,0.4715112904542593,1.7329358386031117,1.958739558256525
ci99_width,1000K,0.0,0.0,0.0,0.0,0.0,0.0,0.0,0.0,0.0,2.431506846798226e-08,3.336238747903822e-07,3.4367414098038836e-06,2.80805169509922e-05,0.0001769127258302028,0.0008642835807386451,0.0032692111266339197,0.009578567289443285,0.02173072102703344,0.03813718975096947,0.051713956209681555,0.05411613185219721,0.043955211738762046,0.028798614323534366,0.017525195818734574,0.011250388587200177,0.010985906936753054,0.0208678722044624,0.03540779988270515,0.05135080139962156,0.049181329487510084,0.06011156862007283,0.12449022406963195,0.13390192123392808,0.08724877275085419,0.1050744459305406,0.12434160843753261,0.13844436363848445,0.20487416600735742,0.3465577393112653,0.4958090001451012,0.3898743682372583,0.25762058276808375,0.7816516575186938,0.8385184387287836,0.5764339290341809,0.9804923403809767,0.7889515026337222,0.8508708796063615,2.0864595816116207,2.2373353565761818
ci99_width,100K,0.0,0.0,0.0,0.0,0.0,0.0,0.0,0.0,0.0,2.8121941312564968e-08,1.1397388932494188e-07,1.3481205788730324e-06,1.0860482615018818e-05,6.864485084726035e-05,0.00033540471702542263,0.0012703116948888926,0.003727812171863576,0.008477910554688606,0.014946743873622381,0.020432547660931277,0.021648936398094065,0.017722768853843718,0.011095900697625893,0.005152218010607612,0.0018229844162078734,0.0011778721060409225,0.0021581052778856247,0.003616973163843795,0.005402025065450289,0.005122697164324563,0.00626077280469417,0.013055807166324485,0.013622833308204463,0.00869164028506475,0.011367060324118938,0.012872975048139779,0.014622598961466338,0.02116785272227162,0.0366307322836974,0.05824177142974918,0.04852741271443506,0.024988530552661814,0.10125815948595118,0.10580085808226158,0.06486260377334929,0.15084632525247343,0.12604091564111286,0.10573228952796399,0.3009715388366203,0.30110689979630934
ci99_width,2000K,0.0,0.0,0.0,0.0,0.0,0.0,0.0,0.0,0.0,2.7134211396472228e-08,4.1360860480847434e-07,4.24727631098752e-06,3.459912658705308e-05,0.00021784459630998232,0.0010631165779265705,0.004018331530735164,0.011764139583803512,0.026659526842131243,0.046706290422804386,0.06314857532390761,0.06583109147163668,0.0535512263515443,0.03666837091191155,0.026185395184370464,0.019449178288823532,0.02076443492614999,0.04105978514758135,0.06935629692065959,0.09859857260323679,0.09438223642939647,0.11534669988145652,0.2377139425036603,0.2624741577340046,0.17611637585002882,0.1947529398048573,0.2383502125370569,0.26798390522782256,0.3971248576804669,0.6446993854099787,0.8479638067002213,0.6488599124493248,0.4992084390011655,1.23010279314326,1.3683958633073416,1.027821547853307,1.2743025497508143,0.995635735143253,1.4392749918234813,3.043924857973934,3.3467893712223713
ci99_width,200K,0.0,0.0,0.0,0.0,0.0,0.0,0.0,0.0,0.0,3.336854332888288e-08,1.5719164366790011e-07,1.8609098460943118e-06,1.4951436049098765e-05,9.478541460961054e-05,0.00046396654234592827,0.0017609158853337803,0.0051776893715782535,0.011797851556345051,0.020834880162738045,0.028516660337629673,0.030231826438921416,0.024715121612928215,0.015382515017677179,0.007111750213084633,0.0026423418479453176,0.002264020624238583,0.004300327545479377,0.007274801107200801,0.010740336894741631,0.010227783046502736,0.012567973915110997,0.026044109552344707,0.027259254532623345,0.017332820970409557,0.022585802674484512,0.0257968979072416,0.028974991904078706,0.041938537698911205,0.07277768840165777,0.11430162164222679,0.09436908738950933,0.05074047979178431,0.1964582732831559,0.20515102128172202,0.12756022585926985,0.28778126615009114,0.23893200968456085,0.20495117940060936,0.5757637162954552,0.5827926277219149
ci99_width,300K,0.0,0.0,0.0,0.0,0.0,0.0,0.0,0.0,0.0,3.143837910162004e-08,1.7339638288347962e-07,1.985450937529642e-06,1.6022288876288426e-05,0.00010169883016850068,0.0004986212640064602,0.0018950469313536722,0.005578882909164307,0.012725739595779828,0.02248754693212618,0.03077595626666607,0.0326097464128452,0.02664824190418358,0.016665845082854958,0.008021583292475043,0.003570470553654559,0.003332622727157286,0.006364597552078521,0.01078582649438431,0.015888825795173034,0.015205391445988425,0.01861064984859695,0.038622206000809456,0.04066873399051474,0.02603397124073581,0.033446489978928184,0.03829262231062103,0.04312104680144557,0.06286675792750884,0.10846079324684865,0.1678228301161937,0.13746091492683377,0.07634991863881169,0.28508756577997474,0.2989752256784186,0.18887721078777986,0.4090907307913767,0.33828367601091713,0.29892947778125745,0.8231482289453425,0.841343244951986
ci99_width,400K,0.0,0.0,0.0,0.0,0.0,0.0,0.0,0.0,0.0,2.8014009903089463e-08,1.9317076600607508e-07,2.097284354967907e-06,1.701635320129971e-05,0.00010788824330879021,0.0005291553329345167,0.002010730202035127,0.0059178598219062906,0.013490484683394754,0.023813781419249835,0.03252585554960774,0.034359628858169344,0.02802085502355567,0.01771595830160777,0.009140090299524672,0.004750800007514044,0.004461623722932018,0.008449813801576056,0.014366665715328963,0.02109540194726378,0.02019436135617525,0.024706675125798938,0.0512490834627215,0.054137282372153095,0.03472925210974154,0.04420611156092491,0.05089667833146905,0.05713424213115559,0.08354812398869171,0.1438545554748032,0.21981067189122427,0.17873048755811283,0.10241189020092634,0.3691656534796266,0.3881936969141293,0.24863178513913908,0.519825866274914,0.42791395294261747,0.38849551746886846,1.051987009507684,1.085139520810003
ci99_width,500K,0.0,0.0,0.0,0.0,0.0,0.0,0.0,0.0,0.0,2.7246080602551925e-08,2.2744234839001e-07,2.4538757601919297e-06,1.998558898671371e-05,0.00012651554319384473,0.0006202796236796093,0.0023553925429622424,0.0069270809503265696,0.015779479084166326,0.027826846333681488,0.03795333075501617,0.04000066498963406,0.03254324468628056,0.02064177486937524,0.010927991034805018,0.005986286447182465,0.005674732409943317,0.010546447066758446,0.01790105337715886,0.0262320291898277,0.025124903786718278,0.030720456621452286,0.06373791150349462,0.06755446164493151,0.043436662758040256,0.0547794301767226,0.06339552162080508,0.07099105902847214,0.10409581827673264,0.17881155186367437,0.26996197553108914,0.2180361705478049,0.1285265587197273,0.44834137304445676,0.4728620263744574,0.3068580328621806,0.6194353962455352,0.5077615387501169,0.47389900480970937,1.2618764376715035,1.3124582524891366
ci99_width,700K,0.0,0.0,0.0,0.0,0.0,0.0,0.0,0.0,0.0,2.5222656218727845e-08,2.789844683059341e-07,2.8982399398421767e-06,2.368292418415338e-05,0.00014949726682803033,0.0007316189874376766,0.0027722641891685385,0.008136390176806785,0.018493396930345796,0.032529667810734963,0.04423075094990736,0.0464546117335658,0.03778030692996026,0.024361078056244878,0.013887896904748231,0.008279427774823489,0.007834702347622624,0.01468595894846203,0.024946221789832634,0.036399948075427346,0.0348611330108497,0.042617077670229264,0.08839466295592047,0.09425729475913158,0.06090695875502661,0.07539627468270282,0.08808543047103967,0.0983061814106918,0.14478997184102127,0.24735533851367109,0.3650669937135831,0.291338305622304,0.18060094460145137,0.5933135921895314,0.6298330737448055,0.41884385520660317,0.7888689027735722,0.6416148327768951,0.6337868188492166,1.6321909184994183,1.7218626044933671
CV,all,0.0,0.0,0.0,0.0,0.0,0.0,0.0,0.0,0.0,0.05891215994093579,0.021509040728577875,0.01758179696718325,0.015579121533334333,0.013413176798041408,0.011367429097721924,0.00941298832649864,0.007580192008032345,0.005888877267995386,0.0043613420510231265,0.003027322432837812,0.0019280096275576487,0.0011139112548678115,0.0006109061263524415,0.0003676872317289453,0.00023971822440399946,0.0001386588531075475,0.00018295371062148838,0.0005617950201252301,0.001173542723267258,0.001155190780736806,0.0005203940196333702,0.002173894825878163,0.0025485192016497576,0.0014757687500774827,0.0010941387594287236,0.0018127639315607099,0.002273271530774504,0.004824066555422519,0.01995156145468819,0.03816400955712835,0.0276591672764112,0.005583524996498524,0.024248923172346566,0.021180340538563325,0.0087483317533083,0.037999152877938355,0.030559828566446068,0.015871182094490715,0.050354931543879836,0.057235663307904625
CV,1000K,0.0,0.0,0.0,0.0,0.0,0.0,0.0,0.0,0.0,0.017904961359095778,0.012687933759449604,0.01110070694473345,0.00979374553395418,0.008476193282257198,0.007208246009725587,0.005990918130250075,0.004841575603236724,0.0037747422053153795,0.002806123976678262,0.0019561207980703147,0.001249394425856356,0.0007146392430200186,0.00036854896003615047,0.00019200683404014355,0.0001126144867052365,0.00010543854059816502,0.00019722731843922894,0.0003316443684208429,0.00047509092922637484,0.000446225329137822,0.0005306903321132479,0.0010786237286331802,0.0011845821263179392,0.0008343861310884668,0.0011368184441876404,0.001559313292624476,0.0020629351479057607,0.0037890714579914817,0.008188047164355613,0.013616212689704971,0.009595055823770805,0.004749964615810758,0.011229499244816003,0.010839266121235373,0.007674668824634879,0.013940595168819764,0.01084276224963185,0.010150587340762893,0.02208245854341705,0.023905168166225222
CV,100K,0.0,0.0,0.0,0.0,0.0,0.0,0.0,0.0,0.0,0.024623615387388352,0.004291730890351481,0.004356354882579382,0.003783692080988274,0.0032857409852911565,0.002794210545469652,0.0023250693716631403,0.0018817733253369301,0.0014705553453379847,0.0010980929603730308,0.0007716199457417568,0.0004989516350640186,0.00028760425905362844,0.00014170578876891837,5.632126560959572e-05,1.8206139217699135e-05,1.1280119067265779e-05,2.0357289329836292e-05,3.383467777791514e-05,4.996463199971174e-05,4.646439447988631e-05,5.5135506433992134e-05,0.00011253155893404175,0.0001198305064268783,8.27929911798702e-05,0.00012263229658962535,0.0001607584431200767,0.00021684036923458883,0.00039266738639651854,0.000890347333798648,0.0016982192044883032,0.001247902835825798,0.00045627179676123865,0.001392457107064725,0.0013172152658781557,0.0008728854304132341,0.0022998856807489045,0.0018331048819911183,0.0012277711453748134,0.0029072095605966863,0.0029089298069647188
CV,2000K,0.0,0.0,0.0,0.0,0.0,0.0,0.0,0.0,0.0,0.020169049837944045,0.01630654624810739,0.014124164104549348,0.012381094303244869,0.010669314265093245,0.009032348407707152,0.007476956817229645,0.006019465551856719,0.004674896237305977,0.0034606612991994012,0.0024001543426955753,0.0015244934855459134,0.0008721914653850118,0.0004697328748844423,0.00028707008073396167,0.00019476287278804994,0.0001993270727517483,0.00038801865341192646,0.0006490789508974301,0.0009105163914274495,0.0008547488594488184,0.0010187516690702068,0.0020665258695310488,0.0023314318724269685,0.0016881614946110907,0.002109156094019707,0.0029948446684219684,0.004000950533066583,0.00729607026550248,0.014773792832133962,0.02202305132835815,0.01533801159276981,0.009250444561852587,0.018285159133451263,0.018215239962823544,0.013589219687768569,0.017298561900892795,0.013186207944901673,0.017528243269087234,0.03464034361297762,0.03902510461040712
CV,200K,0.0,0.0,0.0,0.0,0.0,0.0,0.0,0.0,0.0,0.026841982051617422,0.005832956505978885,0.005916177377654696,0.005135386369124069,0.004480035089626462,0.003822853313949415,0.0031925233631687733,0.002592629573843615,0.0020326439498041895,0.0015221894281459267,0.0010720588754862316,0.0006942302850200202,0.0003998870301304456,0.00019596029437040193,7.756968645529639e-05,2.633396191438743e-05,2.163733515774078e-05,4.04809862750894e-05,6.790630891703862e-05,9.911660313512318e-05,9.256078650862274e-05,0.00011045888187052057,0.00022410191479382106,0.00023938657980165999,0.00016480063355910743,0.00024318603850593626,0.0003215756637782362,0.00042894686552119094,0.0007759806845253168,0.0017591341580084554,0.003301029586518694,0.0024080500767472294,0.0009255188654447118,0.0027101984502919266,0.002560288334586754,0.001710028421454672,0.004335158661318364,0.0034395230008571714,0.0023827495056593104,0.00561392685313286,0.005686781485701267
CV,300K,0.0,0.0,0.0,0.0,0.0,0.0,0.0,0.0,0.0,0.024262276067399956,0.006424046762609232,0.006294117568134658,0.0054935435609948504,0.004801904429774993,0.004107375323137342,0.0034373466785391827,0.0027967804213377286,0.0021964683415158157,0.0016468500499681343,0.0011603403496406913,0.0007513190916889494,0.00043273850747183105,0.0002131345319810063,8.784644084157108e-05,3.572964429879435e-05,3.1980892495241295e-05,6.0157953708236076e-05,0.00010108432694686406,0.00014720147362353746,0.00013814530390276398,0.0001642470331893621,0.0003338159960003623,0.0003587582003452655,0.0002485978824436571,0.0003616338297250283,0.00047942353714407724,0.0006412089456501718,0.0011673791070094222,0.002623233058195445,0.004830737245496051,0.0035025200529472137,0.001399719647327735,0.003969205648654814,0.0037629191222263068,0.002538168129540043,0.006129901206608849,0.004852031796530938,0.003500315956769672,0.008147857782179123,0.008340693121423621
CV,400K,0.0,0.0,0.0,0.0,0.0,0.0,0.0,0.0,0.0,0.02111023493960981,0.007155785289069607,0.00663989716189357,0.005828683003245487,0.005089670963581208,0.00435566011971296,0.0036449102660459152,0.0029652117147757084,0.002327533667252171,0.0017434477852161844,0.0012260495806366838,0.0007915209755940079,0.000454990706382282,0.00022655763558744013,0.00010009645407041224,4.75422303866674e-05,4.281575455797577e-05,7.986643439638758e-05,0.00013463240134531514,0.00019539908442619557,0.00018343579315509387,0.00021805822906885222,0.00044310927262162587,0.0004777653357700311,0.00033169778452965206,0.00047801193140610776,0.0006373848059581033,0.0008498690345632526,0.0015505852343223492,0.0034673015144070876,0.006281816925340174,0.00452965398432302,0.0018792652073317366,0.005165174460734292,0.0049063865471741935,0.0033358476497598313,0.007720392719176828,0.006093211016424336,0.00456260066515827,0.010523950450737611,0.01088180202692929
CV,500K,0.0,0.0,0.0,0.0,0.0,0.0,0.0,0.0,0.0,0.02028353960859747,0.00845034140232048,0.007782867811098125,0.006857559445513069,0.0059771853946586715,0.005112125761254966,0.004274114281465603,0.0034737912580738647,0.0027242211378773378,0.0020382250491816764,0.0014311079117154428,0.000921661697286725,0.0005284874780709779,0.000263993291030764,0.00011968265860808916,5.990822320275034e-05,5.4458304854486896e-05,9.968242048891356e-05,0.00016773951772573582,0.00024293014359451015,0.0002281781679923032,0.00027114870946333625,0.0005512852522610818,0.0005964158207769077,0.000414948947652993,0.0005923963109395913,0.0007941030192555891,0.00105632799780059,0.001930874827342277,0.004295189582075956,0.00766102779274945,0.005496992866453052,0.0023605787264017815,0.006302945436222708,0.00600083768610511,0.0041108941422686885,0.009123152134952413,0.0071809688925390976,0.005581494047014817,0.012753399039325477,0.01330976889649178
CV,700K,0.0,0.0,0.0,0.0,0.0,0.0,0.0,0.0,0.0,0.018604354948566063,0.010460885798559283,0.009256203975034563,0.00817730445817841,0.007101082657165133,0.0060573774557241,0.005049660176881877,0.004092700594879773,0.0032003351823408784,0.002386876012123356,0.0016698421941131836,0.0010711978807657863,0.0006138104236501811,0.0003116381600141867,0.00015212178322392567,8.286439326642469e-05,7.518983069901867e-05,0.00013880512491113345,0.00023371582153307557,0.00033696215444845327,0.00031647826837115844,0.0003761888249054799,0.0007650848453620455,0.0008328440156705664,0.0005820899411308104,0.0008154981892124939,0.0011038958573151274,0.0014636538153587914,0.0026826585946862214,0.005901881205718577,0.010220301158033417,0.0072717361926389,0.003322538480018974,0.008417185296735536,0.008054942818871725,0.005595852802511002,0.011441788648344088,0.00896138682866574,0.0075049772138106015,0.016819206987429166,0.017843562862724167
